"<span class=""testoprincipale-bold"">Crushsite.it è un'agenda online di cultura, arte e spettacolo</span>","<span class=""testoprincipale"">.<br/>
              Contiene </span>","<span class=""testoprincipale-bold"">eventi organizzati in Trentino</span>",-,"<span class=""testoprincipale-bold"">Alto Adige</span>","<span class=""testoprincipale""> / </span>","<span class=""testoprincipale"">le schede e i materiali promozionali di oltre novanta <a href=""https://www.crushsite.it/it/soggetti/"">soggetti</a> culturali regionali coinvolti nel progetto.<br/>
              Il sito è attivo da </span>","<span class=""testoprincipale-bold"">ventun'anni</span>","<span class=""testoprincipale""> ed è gestito dall’omonima </span>","<span class=""testoprincipale-bold"">web agency</span>","<span class=""testoprincipale""> (<a href=""http://www.2crushsite.it"" target=""_blank"">www.2crushsite.it</a>).</span>",<br/>,"
",<br/>,"
",<br/>,"
","<span class=""titoli-eventi-test"">crushsite.it</span>","<span class=""testoprincipale""><br/>
                Via Angeli 7/A, 38074 (Dro - Italia)<br/>
                Tel. 0464/870777<br/>
<a href=""mailto:info@crushsite.it"">info@crushsite.it</a><br/>
<a href=""mailto:info@pec.2crushsite.it"">info@pec.2crushsite.it</a></span>",<br/>,"
","<span class=""testo-boxgrigio-bold""><br/>
</span>",<br/>,"
",<br/>,"
","<span class=""testo-titolipagina2"">Inserzioni e pubblicità</span>",<br/>,"
","<span class=""testoprincipale""><br/>
</span>","<span class=""testo-boxgrigio-grassetto"">Organizzi un evento e vuoi inserirlo nei calendari di crushsite.it?</span>","<span class=""testoprincipale""><br/>
<br/>
                Invia le tue informazioni a <a href=""mailto:info@crushsite.it"">info@crushsite.it</a> per un'inserzione gratuita <em>(</em></span>","<span class=""testoprincipale-bold""><em>Attenzione</em></span>","<span class=""testoprincipale""><em>: In questa modalità la pubblicazione non è sempre garantita / le informazioni saranno inserite in forma breve). In alternativa contatta il nostro staff per un'inserzione a pagamento (servizio utile per ottenere una garanzia di pubblicazione e una completezza nei contenuti).<br/>
</em><br/>
<span class=""testo-boxgrigio-grassetto"">Vuoi inserire il tuo ente/associazione nel sito e promuovere così in modo continuativo le tue attività?</span><br/>
<br/>
                Acquista una </span>","<span class=""testoprincipale-bold"">scheda soggetto</span>","<span class=""testoprincipale""> nominale, disponibile in modalità temporanea o annuale. Gli aggiornamenti delle pagine li effettueremo noi con i tuoi contenuti.<br/>
                Contattaci per avere un'offerta su misura per le tue esigenze.<br/>
<br/>
<span class=""testo-boxgrigio-grassetto"">Sei titolare di un'azienda e voi promuovere un marchio, un prodotto, la tua impresa tramite il sito? Organizzi un evento fuori dal Trentino/Alto Adige?</span><br/>
<br/>
                Puoi richiederci uno spazio banner. Prezzi a partire da € 3.50 al giorno (minimo dieci giorni di pubblicazione).<br/>
<br/>
<span class=""testoprincipale-bold"">Informazioni pubblicitarie e preventivi: </span><br/>
                Anna Chiara Boninsegna<br/>
                Tel. 333/3987734<br/>
<a href=""mailto:press@crushsite.it"">press@crushsite.it</a><br/>
<br/>
<br/>
</span>","<span class=""testo-titolipagina2"">Altri servizi</span>","<span class=""testoprincipale""><br/>
                 <br/>
</span>","<span class=""testo-boxgrigio-grassetto"">Vuoi inserire gli eventi pubblicati in crushsite.it sul tuo sito internet? </span>","<span class=""testoprincipale""><br/>
                Contattaci senza impegno, siamo disponibili a valutare eventuali collaborazioni.<br/>
<br/>
</span>","<span class=""testo-boxgrigio-grassetto"">Hai bisogno di un sito internet? Cerchi un supporto per aggiornare i tuoi contenuti online?</span>","<span class=""testoprincipale""><br/>
                Consulta il sito della nostra web agency, siamo specializzati nella realizzazione siti internet * e nell’aggiornamento contenuti e dati online.<br/>
                Per informazioni: <a href=""http://www.2crushsite.it"" target=""_blank"">www.2crushsite.it</a>. <br/>
<br/>
                *Realizzando un sito internet con noi ottieni </span>","<span class=""testoprincipale-bold"">un banner gratuito in crushsite.it per 30 giorni</span>","<span class=""testoprincipale"">. <br/>
<br/>
</span>",<br/>,"
","<span class=""testo-titolipagina2"">Copyright e note di utilizzo</span>",<br/>,"
",<br/>,"
","<span class=""testoprincipale"">Il sito contiene comunicati stampa e materiali promozionali forniti dai clienti del servizio. Il copyright è dei rispettivi proprietari.<br/>
                Per informazioni e/o richieste potete inviare una mail a <a href=""mailto:info@crushsite.it"">info@crushsite.it</a><br/>
<br/>
                Il nostro staff si impegna nel fornire informazioni corrette sugli eventi in programma. Vi invitiamo comunque a consultare sempre la fonte dell'informazione sul sito ufficiale dell'organizzatore. Decliniamo ogni responsabilità rispetto a variazioni dell'ultimo minuto a noi non comunicate.<br/>
<br/>
<a href=""privacyecookiespolicy.php"">Privacy e cookies policy</a>: alcune informazioni in merito al trattamento dei dati personali raccolti durante la navigazione in questo sito web.</span>","<br>
</br>"
"<span class=""testoprincipale-bold"">Crushsite.it è un'agenda online di cultura, arte e spettacolo</span>","<span class=""testoprincipale"">.<br/>
              Contiene </span>","<span class=""testoprincipale-bold"">eventi organizzati in Trentino</span>",-,"<span class=""testoprincipale-bold"">Alto Adige</span>","<span class=""testoprincipale""> / </span>","<span class=""testoprincipale"">le schede e i materiali promozionali di oltre novanta <a href=""https://www.crushsite.it/it/soggetti/"">soggetti</a> culturali regionali coinvolti nel progetto.<br/>
              Il sito è attivo da </span>","<span class=""testoprincipale-bold"">ventun'anni</span>","<span class=""testoprincipale""> ed è gestito dall’omonima </span>","<span class=""testoprincipale-bold"">web agency</span>","<span class=""testoprincipale""> (<a href=""http://www.2crushsite.it"" target=""_blank"">www.2crushsite.it</a>).</span>",<br/>,"
",<br/>,"
",<br/>,"
","<span class=""titoli-eventi-test"">crushsite.it</span>","<span class=""testoprincipale""><br/>
                Via Angeli 7/A, 38074 (Dro - Italia)<br/>
                Tel. 0464/870777<br/>
<a href=""mailto:info@crushsite.it"">info@crushsite.it</a><br/>
<a href=""mailto:info@pec.2crushsite.it"">info@pec.2crushsite.it</a></span>",<br/>,"
","<span class=""testo-boxgrigio-bold""><br/>
</span>",<br/>,"
",<br/>,"
","<span class=""testo-titolipagina2"">Inserzioni e pubblicità</span>",<br/>,"
","<span class=""testoprincipale""><br/>
</span>","<span class=""testo-boxgrigio-grassetto"">Organizzi un evento e vuoi inserirlo nei calendari di crushsite.it?</span>","<span class=""testoprincipale""><br/>
<br/>
                Invia le tue informazioni a <a href=""mailto:info@crushsite.it"">info@crushsite.it</a> per un'inserzione gratuita <em>(</em></span>","<span class=""testoprincipale-bold""><em>Attenzione</em></span>","<span class=""testoprincipale""><em>: In questa modalità la pubblicazione non è sempre garantita / le informazioni saranno inserite in forma breve). In alternativa contatta il nostro staff per un'inserzione a pagamento (servizio utile per ottenere una garanzia di pubblicazione e una completezza nei contenuti).<br/>
</em><br/>
<span class=""testo-boxgrigio-grassetto"">Vuoi inserire il tuo ente/associazione nel sito e promuovere così in modo continuativo le tue attività?</span><br/>
<br/>
                Acquista una </span>","<span class=""testoprincipale-bold"">scheda soggetto</span>","<span class=""testoprincipale""> nominale, disponibile in modalità temporanea o annuale. Gli aggiornamenti delle pagine li effettueremo noi con i tuoi contenuti.<br/>
                Contattaci per avere un'offerta su misura per le tue esigenze.<br/>
<br/>
<span class=""testo-boxgrigio-grassetto"">Sei titolare di un'azienda e voi promuovere un marchio, un prodotto, la tua impresa tramite il sito? Organizzi un evento fuori dal Trentino/Alto Adige?</span><br/>
<br/>
                Puoi richiederci uno spazio banner. Prezzi a partire da € 3.50 al giorno (minimo dieci giorni di pubblicazione).<br/>
<br/>
<span class=""testoprincipale-bold"">Informazioni pubblicitarie e preventivi: </span><br/>
                Anna Chiara Boninsegna<br/>
                Tel. 333/3987734<br/>
<a href=""mailto:press@crushsite.it"">press@crushsite.it</a><br/>
<br/>
<br/>
</span>","<span class=""testo-titolipagina2"">Altri servizi</span>","<span class=""testoprincipale""><br/>
                 <br/>
</span>","<span class=""testo-boxgrigio-grassetto"">Vuoi inserire gli eventi pubblicati in crushsite.it sul tuo sito internet? </span>","<span class=""testoprincipale""><br/>
                Contattaci senza impegno, siamo disponibili a valutare eventuali collaborazioni.<br/>
<br/>
</span>","<span class=""testo-boxgrigio-grassetto"">Hai bisogno di un sito internet? Cerchi un supporto per aggiornare i tuoi contenuti online?</span>","<span class=""testoprincipale""><br/>
                Consulta il sito della nostra web agency, siamo specializzati nella realizzazione siti internet * e nell’aggiornamento contenuti e dati online.<br/>
                Per informazioni: <a href=""http://www.2crushsite.it"" target=""_blank"">www.2crushsite.it</a>. <br/>
<br/>
                *Realizzando un sito internet con noi ottieni </span>","<span class=""testoprincipale-bold"">un banner gratuito in crushsite.it per 30 giorni</span>","<span class=""testoprincipale"">. <br/>
<br/>
</span>",<br/>,"
","<span class=""testo-titolipagina2"">Copyright e note di utilizzo</span>",<br/>,"
",<br/>,"
","<span class=""testoprincipale"">Il sito contiene comunicati stampa e materiali promozionali forniti dai clienti del servizio. Il copyright è dei rispettivi proprietari.<br/>
                Per informazioni e/o richieste potete inviare una mail a <a href=""mailto:info@crushsite.it"">info@crushsite.it</a><br/>
<br/>
                Il nostro staff si impegna nel fornire informazioni corrette sugli eventi in programma. Vi invitiamo comunque a consultare sempre la fonte dell'informazione sul sito ufficiale dell'organizzatore. Decliniamo ogni responsabilità rispetto a variazioni dell'ultimo minuto a noi non comunicate.<br/>
<br/>
<a href=""privacyecookiespolicy.php"">Privacy e cookies policy</a>: alcune informazioni in merito al trattamento dei dati personali raccolti durante la navigazione in questo sito web.</span>","<br>
</br>"
